,max_depth,min_samples_split,rmse,r2
0,5,5,2680.7764888243655,0.4381063370959009
1,5,10,2674.8599017500414,0.43916257441322804
2,5,15,2638.45363965732,0.4505918835521302
3,10,5,2680.2436496445607,0.4381296326386538
4,10,10,2678.4060543022592,0.4379299663273956
5,10,15,2638.5750966379046,0.4505792440227004
6,15,5,2683.1259638826054,0.4369168140993667
7,15,10,2676.9145990945226,0.43842477509380295
8,15,15,2638.5750966379046,0.4505792440227004
